id,iso2
8,AL
51,AM
40,AT
56,BE
70,BA
100,BG
191,HR
196,CY
203,CZ
208,DK
233,EE
246,FI
250,FR
268,GE
276,DE
300,GR
348,HU
372,IE
376,IL
380,IT
428,LV
440,LT
442,LU
470,MT
498,MD
492,MC
499,ME
504,MA
528,NL
578,NO
616,PL
620,PT
642,RO
688,RS
703,SK
705,SI
724,ES
752,SE
756,CH
792,TR
804,UA
807,MK
826,GB
900,XK
